[{"model": "shop.item", "pk": 1, "fields": {"title": "Shirt 1", "price": 120.0, "category": "Sh", "description": "A wardrobe-staple dress shirt is tailored from a breathable stretch-cotton tech blend that keeps you feeling dry and looking smart all day. A crisp pinpoint texture completes the look.", "photo": "shirt1.jpg"}}, {"model": "shop.item", "pk": 2, "fields": {"title": "Shirt 2", "price": 100.0, "category": "Sh", "description": "A wardrobe-staple dress shirt is tailored from a breathable stretch-cotton tech blend that keeps you feeling dry and looking smart all day. A crisp pinpoint texture completes the look.", "photo": "shirt2.jpg"}}, {"model": "shop.item", "pk": 3, "fields": {"title": "Shirt 3", "price": 80.0, "category": "Sh", "description": "A wardrobe-staple dress shirt is tailored from a breathable stretch-cotton tech blend that keeps you feeling dry and looking smart all day. A crisp pinpoint texture completes the look.", "photo": "shirt3.jpg"}}, {"model": "shop.item", "pk": 4, "fields": {"title": "Shirt 4", "price": 150.0, "category": "Sh", "description": "A wardrobe-staple dress shirt is tailored from a breathable stretch-cotton tech blend that keeps you feeling dry and looking smart all day. A crisp pinpoint texture completes the look.", "photo": "shirt4.jpg"}}, {"model": "shop.item", "pk": 5, "fields": {"title": "Shirt 5", "price": 90.0, "category": "Sh", "description": "A wardrobe-staple dress shirt is tailored from a breathable stretch-cotton tech blend that keeps you feeling dry and looking smart all day. A crisp pinpoint texture completes the look.", "photo": "shirt5.jpg"}}, {"model": "shop.item", "pk": 6, "fields": {"title": "Pants 1", "price": 150.0, "category": "P", "description": "Casual straight-leg chinos are cut from soft cotton with a regular rise and feature our signature wrinkle-free finish for an on-point look no matter where the weekend takes you.", "photo": "pants1.jpg"}}, {"model": "shop.item", "pk": 7, "fields": {"title": "Pants 2", "price": 110.0, "category": "P", "description": "Casual straight-leg chinos are cut from soft cotton with a regular rise and feature our signature wrinkle-free finish for an on-point look no matter where the weekend takes you.", "photo": "pants2.jpg"}}, {"model": "shop.item", "pk": 8, "fields": {"title": "Pants 3", "price": 130.0, "category": "P", "description": "Casual straight-leg chinos are cut from soft cotton with a regular rise and feature our signature wrinkle-free finish for an on-point look no matter where the weekend takes you.", "photo": "pants3.jpg"}}, {"model": "shop.item", "pk": 9, "fields": {"title": "Pants 4", "price": 110.0, "category": "P", "description": "Casual straight-leg chinos are cut from soft cotton with a regular rise and feature our signature wrinkle-free finish for an on-point look no matter where the weekend takes you.", "photo": "pants4.jpg"}}, {"model": "shop.item", "pk": 10, "fields": {"title": "Pants 5", "price": 170.0, "category": "P", "description": "Casual straight-leg chinos are cut from soft cotton with a regular rise and feature our signature wrinkle-free finish for an on-point look no matter where the weekend takes you.", "photo": "pants5.jpg"}}, {"model": "shop.item", "pk": 11, "fields": {"title": "Sweater 1", "price": 100.0, "category": "Sw", "description": "Knit from soft cashmere yarns, a lightweight, refined crewneck sweater is a luxe layering option when the temperature starts to drop.", "photo": "sweater1.jpg"}}, {"model": "shop.item", "pk": 12, "fields": {"title": "Sweater 2", "price": 110.0, "category": "Sw", "description": "Knit from soft cashmere yarns, a lightweight, refined crewneck sweater is a luxe layering option when the temperature starts to drop.", "photo": "sweater2.jpg"}}, {"model": "shop.item", "pk": 13, "fields": {"title": "Sweater 3", "price": 120.0, "category": "Sw", "description": "Knit from soft cashmere yarns, a lightweight, refined crewneck sweater is a luxe layering option when the temperature starts to drop.", "photo": "sweater3.jpg"}}, {"model": "shop.item", "pk": 14, "fields": {"title": "Sweater 4", "price": 130.0, "category": "Sw", "description": "Knit from soft cashmere yarns, a lightweight, refined crewneck sweater is a luxe layering option when the temperature starts to drop.", "photo": "sweater4.jpg"}}, {"model": "shop.item", "pk": 15, "fields": {"title": "Sweater 5", "price": 140.0, "category": "Sw", "description": "Knit from soft cashmere yarns, a lightweight, refined crewneck sweater is a luxe layering option when the temperature starts to drop.", "photo": "sweater5.jpg"}}, {"model": "shop.item", "pk": 16, "fields": {"title": "Shoes 1", "price": 115.0, "category": "So", "description": "A low lace-to-toe profile cinches the timelessness of a sneaker updated with a solid leather upper for easy integration across your casual wardrobe. Signature Grand.OS technology in the footbed provides anatomically engineered cushioning and support for all-day comfort.", "photo": "shoes1.jpg"}}, {"model": "shop.item", "pk": 17, "fields": {"title": "Shoes 2", "price": 125.0, "category": "So", "description": "A low lace-to-toe profile cinches the timelessness of a sneaker updated with a solid leather upper for easy integration across your casual wardrobe. Signature Grand.OS technology in the footbed provides anatomically engineered cushioning and support for all-day comfort.", "photo": "shoes2.jpg"}}, {"model": "shop.item", "pk": 18, "fields": {"title": "Shoes 3", "price": 135.0, "category": "So", "description": "A low lace-to-toe profile cinches the timelessness of a sneaker updated with a solid leather upper for easy integration across your casual wardrobe. Signature Grand.OS technology in the footbed provides anatomically engineered cushioning and support for all-day comfort.", "photo": "shoes3.jpg"}}, {"model": "shop.item", "pk": 19, "fields": {"title": "Shoes 4", "price": 145.0, "category": "So", "description": "A low lace-to-toe profile cinches the timelessness of a sneaker updated with a solid leather upper for easy integration across your casual wardrobe. Signature Grand.OS technology in the footbed provides anatomically engineered cushioning and support for all-day comfort.", "photo": "shoes4.jpg"}}, {"model": "shop.item", "pk": 20, "fields": {"title": "Shoes 5", "price": 155.0, "category": "So", "description": "A low lace-to-toe profile cinches the timelessness of a sneaker updated with a solid leather upper for easy integration across your casual wardrobe. Signature Grand.OS technology in the footbed provides anatomically engineered cushioning and support for all-day comfort.", "photo": "shoes5.jpg"}}, {"model": "shop.orderitem", "pk": 18, "fields": {"user": 2, "item": 14, "ordered": false, "quantity": 2}}, {"model": "shop.orderitem", "pk": 19, "fields": {"user": 4, "item": 20, "ordered": false, "quantity": 1}}, {"model": "shop.orderitem", "pk": 21, "fields": {"user": 4, "item": 10, "ordered": false, "quantity": 1}}, {"model": "shop.orderitem", "pk": 22, "fields": {"user": 4, "item": 9, "ordered": false, "quantity": 1}}, {"model": "shop.orderitem", "pk": 23, "fields": {"user": 4, "item": 19, "ordered": false, "quantity": 1}}, {"model": "shop.orderitem", "pk": 24, "fields": {"user": 4, "item": 16, "ordered": false, "quantity": 1}}, {"model": "shop.orderitem", "pk": 25, "fields": {"user": 2, "item": 19, "ordered": false, "quantity": 3}}, {"model": "shop.orderitem", "pk": 26, "fields": {"user": 2, "item": 17, "ordered": false, "quantity": 2}}, {"model": "shop.orderitem", "pk": 27, "fields": {"user": 2, "item": 20, "ordered": false, "quantity": 1}}, {"model": "shop.orderitem", "pk": 28, "fields": {"user": 2, "item": 18, "ordered": false, "quantity": 1}}, {"model": "shop.orderitem", "pk": 29, "fields": {"user": 1, "item": 20, "ordered": false, "quantity": 1}}, {"model": "shop.order", "pk": 5, "fields": {"user": 2, "ordered": true, "ordered_date": "2020-01-13T10:46:59.236Z", "total": 530.0, "items": [18, 25, 26]}}, {"model": "shop.order", "pk": 6, "fields": {"user": 4, "ordered": true, "ordered_date": "2020-01-13T09:21:55.577Z", "total": 435.0, "items": [19, 21, 22]}}, {"model": "shop.order", "pk": 7, "fields": {"user": 4, "ordered": false, "ordered_date": "2020-01-13T09:09:45.154Z", "total": 0.0, "items": [23, 24]}}, {"model": "shop.order", "pk": 8, "fields": {"user": 2, "ordered": true, "ordered_date": "2020-01-13T10:47:55.278Z", "total": 155.0, "items": [27]}}, {"model": "shop.order", "pk": 9, "fields": {"user": 2, "ordered": true, "ordered_date": "2020-01-13T10:52:13.719Z", "total": 290.0, "items": [25]}}, {"model": "shop.order", "pk": 10, "fields": {"user": 2, "ordered": true, "ordered_date": "2020-01-13T10:55:16.749Z", "total": 435.0, "items": [25]}}, {"model": "shop.order", "pk": 11, "fields": {"user": 2, "ordered": true, "ordered_date": "2020-01-13T10:55:56.782Z", "total": 250.0, "items": [26]}}, {"model": "shop.order", "pk": 12, "fields": {"user": 2, "ordered": false, "ordered_date": "2020-01-13T10:55:43.515Z", "total": 0.0, "items": [28]}}, {"model": "shop.order", "pk": 13, "fields": {"user": 1, "ordered": false, "ordered_date": "2020-01-13T13:24:07.802Z", "total": 0.0, "items": [29]}}]